NAME,TEAM,POSITION,PASS_YARDS,PASS_TD,INTERCEPTIONS,RUSH_YARDS,RUSH_TD,REC_YARDS,REC_TD,FUM_TD,TWO_PT,FUM_LOST
Tyler Lockett,SEA,WR,0,0,0,58,0,555,2,0,0,0
Will Tye,NE,TE,0,0,0,0,0,38,0,0,0,0
Kendrick Bourne,SF,WR,0,0,0,0,0,257,0,0,0,0
Martavis Bryant,OAK,WR,0,0,0,22,0,603,3,0,1,0
Trey Williams,DAL,RB,0,0,0,0,0,0,0,0,0,0
Golden Tate,DET,WR,0,0,0,22,0,1003,5,0,1,1
Jordan Chunn,DAL,RB,0,0,0,0,0,0,0,0,0,0
Trey Quinn,WAS,WR,0,0,0,0,0,0,0,0,0,0
Artavis Scott,LAC,WR,0,0,0,0,0,0,0,0,0,0
Davis Webb,NYG,QB,0,0,0,0,0,0,0,0,0,0
Jalston Fowler,SEA,RB,0,0,0,4,1,0,0,0,0,0
Jawill Davis,NYG,WR,0,0,0,0,0,0,0,0,0,0
Rob Kelley,WAS,RB,0,0,0,194,3,18,0,0,0,0
D.J. Foster,ARI,WR,0,0,0,19,0,133,0,0,0,0
Fozzy Whittaker,CAR,RB,0,0,0,18,0,47,1,0,0,0
Travis Kelce,KC,TE,0,0,1,7,0,1038,8,0,0,0
Taylor Heinicke,CAR,QB,10,0,0,2,0,0,0,0,0,0
Deonte Thompson,DAL,WR,0,0,0,-5,0,555,2,0,0,0
Daniel Lasco,NO,RB,0,0,0,0,0,0,0,0,0,0
Richie James,SF,WR,0,0,0,0,0,0,0,0,0,0
Terrell Sinkfield,NYJ,WR,0,0,0,0,0,0,0,0,0,0
Brandon Coleman,NO,WR,0,0,0,0,0,364,3,0,0,2
Jake Butt,DEN,TE,0,0,0,0,0,0,0,0,0,0
Tyler Ferguson,NFL,QB,0,0,0,0,0,0,0,0,0,0
Demaryius Thomas,DEN,WR,0,0,0,0,0,949,5,0,0,1
De'Lance Turner,BAL,RB,0,0,0,0,0,0,0,0,0,0
George Kittle,SF,TE,0,0,0,0,0,515,2,0,0,0
Darren Sproles,PHI,RB,0,0,0,61,0,73,0,0,0,1
Aaron Rodgers,GB,QB,1675,16,6,126,0,0,0,0,0,1
Jester Weah,HOU,WR,0,0,0,0,0,0,0,0,0,0
Logan Paulsen,ATL,TE,0,0,0,0,0,0,0,0,0,0
Nick Vannett,SEA,TE,0,0,0,0,0,124,1,0,0,0
Josh Doctson,WAS,WR,0,0,0,-14,0,502,6,0,0,0
Colt McCoy,WAS,QB,0,0,0,0,0,0,0,0,0,0
Brock Osweiler,MIA,QB,1088,5,5,64,1,0,0,0,2,1
Henry Poggi,NFL,RB,0,0,0,0,0,0,0,0,0,0
Lamar Atkins,NFL,RB,0,0,0,0,0,0,0,0,0,0
Marcus Mariota,TEN,QB,3232,13,15,312,5,0,0,0,0,1
Trey Burton,CHI,TE,0,0,0,0,0,248,5,0,1,0
Pierre Garcon,SF,WR,0,0,0,0,0,500,0,0,0,0
Quadree Henderson,PIT,WR,0,0,0,0,0,0,0,0,0,0
Kyle Carter,NYG,TE,0,0,0,0,0,0,0,0,0,0
Mike Tolbert,NFL,RB,0,0,0,247,1,78,0,0,0,1
Tim Cook,JAX,RB,0,0,0,0,0,0,0,0,0,0
Derek Carrier,OAK,TE,0,0,0,0,0,71,0,0,0,0
Quan Bray,BUF,WR,0,0,0,0,0,39,0,0,0,0
Mike White,DAL,QB,0,0,0,0,0,0,0,0,0,0
Leonard Fournette,JAX,RB,0,0,0,1040,9,302,1,0,0,0
Mike Thomas,LA,WR,0,0,0,0,0,93,0,0,0,0
Griff Whalen,OAK,WR,0,0,0,0,0,23,0,0,0,0
Tanner Gentry,CHI,WR,0,0,0,0,0,35,0,0,0,0
Derrick Henry,TEN,RB,0,0,0,744,5,136,1,0,0,0
Laquon Treadwell,MIN,WR,0,0,0,0,0,200,0,0,0,0
Malcolm Lewis,MIA,WR,0,0,0,0,0,0,0,0,0,0
Blake Bell,MIN,TE,0,0,0,0,0,19,0,0,1,0
Max McCaffrey,SF,WR,0,0,0,0,0,4,0,0,0,0
Tevaun Smith,JAX,WR,0,0,0,0,0,0,0,0,0,0
Charone Peake,NYJ,WR,0,0,0,0,0,3,0,0,0,0
Gary Barnidge,NFL,TE,0,0,0,0,0,0,0,0,0,0
Jonah Trinnaman,NYJ,WR,0,0,0,0,0,0,0,0,0,0
Malcolm Mitchell,NE,WR,0,0,0,0,0,0,0,0,0,0
Jordan Smallwood,KC,WR,0,0,0,0,0,0,0,0,0,0
Rashard Davis,PHI,WR,0,0,0,0,0,0,0,0,0,0
Byron Pringle,KC,WR,0,0,0,0,0,0,0,0,0,0
Breshad Perriman,BAL,WR,0,0,0,0,0,77,0,0,0,0
Anthony Miller,CHI,WR,0,0,0,0,0,0,0,0,0,0
Jermaine Kearse,NYJ,WR,0,0,0,0,0,810,5,0,0,0
Marshawn Lynch,OAK,RB,0,0,0,891,7,151,0,0,0,1
Phillip Dorsett,NE,WR,0,0,0,7,0,194,0,0,0,0
Evan Engram,NYG,TE,0,0,0,14,0,722,6,0,0,0
Taywan Taylor,TEN,WR,0,0,0,43,0,231,1,0,0,0
Kyle Rudolph,MIN,TE,0,0,0,0,0,532,8,0,0,0
Baker Mayfield,CLE,QB,0,0,0,0,0,0,0,0,0,0
Rashaad Penny,SEA,RB,0,0,0,0,0,0,0,0,0,0
De'Anthony Thomas,KC,RB,0,0,0,4,0,143,2,0,0,0
LaQuvionte Gonzalez,LA,WR,0,0,0,0,0,0,0,0,0,0
Cam Phillips,BUF,WR,0,0,0,0,0,0,0,0,0,0
Roosevelt Nix,PIT,RB,0,0,0,0,1,6,1,0,0,0
Marcus Tucker,PIT,WR,0,0,0,0,0,0,0,0,0,0
Courtland Sutton,DEN,WR,0,0,0,0,0,0,0,0,0,0
Cole Hunt,LAC,TE,0,0,0,0,0,0,0,0,0,0
Justin Jackson,LAC,RB,0,0,0,0,0,0,0,0,0,0
Andy Jones,DET,WR,0,0,0,0,0,0,0,0,0,0
Nick Foles,PHI,QB,537,5,2,3,0,0,0,0,0,2
Henry Krieger-Coble,LA,TE,0,0,0,0,0,0,0,0,0,0
Tarik Cohen,CHI,RB,21,1,0,370,2,353,1,0,0,2
River Cracraft,DEN,WR,0,0,0,0,0,0,0,0,0,0
Dalton Sturm,DAL,QB,0,0,0,0,0,0,0,0,0,0
Zach Laskey,NFL,RB,0,0,0,0,0,0,0,0,0,0
Khari Lee,BUF,TE,0,0,0,0,0,0,0,0,0,0
Sam Bradford,ARI,QB,382,3,0,-3,0,0,0,0,0,0
C.J. Goodwin,SF,WR,0,0,0,0,0,0,0,0,0,0
Chris Ivory,BUF,RB,0,0,0,382,1,175,1,0,0,2
EJ Manuel,OAK,QB,265,1,1,15,0,0,0,0,0,0
Terrelle Pryor,NYJ,WR,0,0,0,0,0,240,1,0,0,0
Ryan Izzo,NE,TE,0,0,0,0,0,0,0,0,0,0
Jordan Lasley,BAL,WR,0,0,0,0,0,0,0,0,0,0
Eddie Lacy,NFL,RB,0,0,0,179,0,47,0,0,0,0
Kenny Britt,NE,WR,0,0,0,0,0,256,2,0,0,0
Keelan Cole,JAX,WR,0,0,0,0,0,748,3,0,0,1
Paul Richardson,WAS,WR,0,0,0,0,0,703,6,0,0,0
Damion Ratley,CLE,WR,0,0,0,0,0,0,0,0,0,0
C.J. Prosise,SEA,RB,0,0,0,23,0,87,0,0,0,0
Demetrius Harris,KC,TE,0,0,0,0,0,224,1,0,0,0
Clive Walford,NYJ,TE,0,0,0,0,0,80,0,0,0,0
Krishawn Hogan,IND,WR,0,0,0,0,0,0,0,0,0,0
George Odum,IND,WR,0,0,0,0,0,0,0,0,0,0
Tevin Jones,PIT,WR,0,0,0,0,0,0,0,0,0,0
Kevin White,CHI,WR,0,0,0,0,0,6,0,0,0,0
Austin Hooper,ATL,TE,0,0,0,0,0,526,3,0,0,0
Jaydon Mickens,JAX,WR,0,0,0,0,0,77,2,0,0,2
Carlos Henderson,DEN,WR,0,0,0,0,0,0,0,0,0,0
Tim Tebow,NFL,QB,0,0,0,0,0,0,0,0,0,0
Darren Waller,BAL SUS,WR,0,0,0,0,0,0,0,0,0,0
Martez Carter,WAS,RB,0,0,0,0,0,0,0,0,0,0
Jace Amaro,KC,TE,0,0,0,0,0,0,0,0,0,0
Garrett Celek,SF,TE,0,0,0,0,0,336,4,0,0,0
Mark Ingram,NO,RB,0,0,0,1124,12,416,0,0,0,3
Thomas Duarte,MIA,TE,0,0,0,0,0,0,0,0,0,0
Dwayne Allen,NE,TE,0,0,0,0,0,86,1,0,0,0
Dion Sims,CHI,TE,0,0,0,0,0,180,1,0,0,0
DeAndre Smelter,JAX,WR,0,0,0,0,0,0,0,0,0,0
Raheem Mostert,SF,RB,0,0,0,30,0,0,0,0,0,1
Patrick Mahomes,KC,QB,284,0,1,10,0,0,0,0,0,0
Brandon Zylstra,MIN,WR,0,0,0,0,0,0,0,0,0,0
Kenyan Drake,MIA,RB,0,0,0,644,3,239,1,0,1,2
Jake Roh,NFL,TE,0,0,0,0,0,0,0,0,0,0
Montay Crockett,JAX,WR,0,0,0,0,0,0,0,0,0,0
Pharoh Cooper,LA,WR,0,0,0,6,0,84,0,0,0,1
Joe Williams,SF,RB,0,0,0,0,0,0,0,0,0,0
Rod Streater,BUF,WR,0,0,0,0,0,0,0,0,0,0
Tyler Ervin,HOU,RB,0,0,0,12,0,38,0,0,0,0
Levine Toilolo,DET,TE,0,0,0,0,0,122,1,1,0,0
Cethan Carter,CIN,RB,0,0,0,0,0,0,0,0,0,0
David Moore,SEA,WR,0,0,0,0,0,0,0,0,0,0
Jamison Crowder,WAS,WR,0,0,0,34,0,789,3,0,0,3
Jeff Wilson,SF,RB,0,0,0,0,0,0,0,0,0,0
Rob Gronkowski,NE,TE,0,0,0,0,0,1084,8,0,1,0
Michael Clark,GB,WR,0,0,0,0,0,41,0,0,0,0
Jack Doyle,IND,TE,0,0,0,0,0,690,4,0,0,2
Jaleel Scott,BAL,WR,0,0,0,0,0,0,0,0,0,0
Matt Lengel,HOU,TE,0,0,0,0,0,0,0,0,0,0
Cameron Artis-Payne,CAR,RB,0,0,0,95,1,2,0,0,0,0
Corey Davis,TEN,WR,0,0,0,0,0,375,0,0,0,1
Tavon Austin,DAL,WR,0,0,0,270,1,47,0,0,0,4
Bucky Hodges,NYJ,TE,0,0,0,0,0,0,0,0,0,0
Ethan Wolf,TEN,TE,0,0,0,0,0,0,0,0,0,0
Bronson Hill,NFL,RB,0,0,0,-2,0,0,0,0,0,0
Geoff Swaim,DAL,TE,0,0,0,0,0,25,0,0,0,0
Cole Beasley,DAL,WR,0,0,0,0,0,314,4,0,0,0
Cody Core,CIN,WR,0,0,0,0,0,0,0,0,0,0
T.J. Jones,DET,WR,0,0,0,0,0,399,1,0,1,0
Julius Thomas,NFL,TE,0,0,0,0,0,388,3,0,0,0
Connor Cook,OAK,QB,0,0,0,0,0,0,0,0,0,0
Mike Evans,TB,WR,0,0,0,0,0,1001,5,0,1,0
Riley McCarron,NE,WR,0,0,0,0,0,0,0,0,0,0
Christian Scotland-Williamson,PIT,TE,0,0,0,0,0,0,0,0,0,0
J.J. Jones,LAC,WR,0,0,0,0,0,0,0,0,0,0
Daniel Braverman,KC,WR,0,0,0,0,0,0,0,0,0,0
Jamaal Williams,GB,RB,0,0,0,556,4,262,2,0,0,0
Dede Westbrook,JAX,WR,0,0,0,0,0,339,1,0,0,0
Willie Snead,BAL,WR,0,0,0,0,0,92,0,0,0,1
David Njoku,CLE,TE,0,0,0,1,0,386,4,0,0,0
Peter Pujals,MIN,QB,0,0,0,0,0,0,0,0,0,0
Case Keenum,DEN,QB,3547,22,7,160,1,0,0,0,1,1
Timothy Wright,KC,TE,0,0,0,0,0,0,0,0,0,0
John Diarse,DEN,WR,0,0,0,0,0,0,0,0,0,0
Marcus Johnson,SEA,WR,0,0,0,0,0,45,0,0,0,1
Ryan Fitzpatrick,TB,QB,1103,7,3,78,0,0,0,0,0,0
Maurice Harris,WAS,WR,0,0,0,0,0,62,1,0,0,0
Clark Harris,CIN,TE,0,0,0,0,0,0,0,0,0,0
Samaje Perine,WAS,RB,0,0,0,603,1,182,1,0,0,2
David Fales,MIA,QB,265,1,1,8,1,0,0,0,0,0
Emmanuel Sanders,DEN,WR,0,0,0,0,0,555,2,0,0,0
Charles Clay,BUF,TE,0,0,0,0,0,558,2,0,0,0
Drew Brees,NO,QB,4334,23,8,12,2,0,0,0,0,0
Antonio Callaway,CLE,WR,0,0,0,0,0,0,0,0,0,0
Jake Rudock,DET,QB,24,0,1,0,0,0,0,0,0,0
Matt LaCosse,DEN,TE,0,0,0,0,0,0,0,0,0,0
C.J. Uzomah,CIN,TE,0,0,0,0,0,92,1,0,0,0
Marquis Bundy,NYG,WR,0,0,0,0,0,0,0,0,0,0
Ryan Tannehill,MIA,QB,0,0,0,0,0,0,0,0,0,0
Cameron Meredith,NO,WR,0,0,0,0,0,0,0,0,0,0
Kenny Bell,DEN,WR,0,0,0,0,0,0,0,0,0,0
Kerryon Johnson,DET,RB,0,0,0,0,0,0,0,0,0,0
Joe Mixon,CIN,RB,0,0,0,626,4,287,0,0,0,2
Josh McCown,NYJ,QB,2926,18,9,124,5,0,0,0,0,4
Terrence Magee,ATL,RB,0,0,0,0,0,0,0,0,0,0
Quincy Enunwa,NYJ,WR,0,0,0,0,0,0,0,0,0,0
Jake Kumerow,GB,WR,0,0,0,0,0,0,0,0,0,0
Travin Dural,NO,WR,0,0,0,0,0,0,0,0,0,0
Tim Semisch,TEN,TE,0,0,0,0,0,0,0,0,0,0
Spencer Ware,KC,RB,0,0,0,0,0,0,0,0,0,0
Marlon Mack,IND,RB,0,0,0,358,3,225,1,0,0,0
O.J. Howard,TB,TE,0,0,0,0,0,432,6,0,0,2
Corey Brown,NFL,WR,0,0,0,0,0,0,0,0,0,0
Dom Williams,NFL,WR,0,0,0,0,0,0,0,0,0,0
Royce Freeman,DEN,RB,0,0,0,0,0,0,0,0,0,0
Jimmy Garoppolo,SF,QB,1560,7,5,11,1,-6,0,0,0,0
Adam Zaruba,PHI,TE,0,0,0,0,0,0,0,0,0,0
Tajae Sharpe,TEN,WR,0,0,0,0,0,0,0,0,0,0
David Williams,DEN,RB,0,0,0,0,0,0,0,0,0,0
Xavier Grimble,PIT,TE,0,0,0,0,0,32,1,0,0,0
Jordan Howard,CHI,RB,0,0,0,1122,9,125,0,0,0,1
Vyncint Smith,HOU,WR,0,0,0,0,0,0,0,0,0,0
Russell Wilson,SEA,QB,3983,34,11,586,3,0,0,0,2,3
Rashard Higgins,CLE,WR,0,0,0,4,0,312,2,0,0,1
Tim White,BAL,WR,0,0,0,0,0,0,0,0,0,0
Tony Lippett,MIA,WR,0,0,0,0,0,0,0,0,0,0
Brice Butler,ARI,WR,0,0,0,0,0,317,3,0,0,0
Mike Gesicki,MIA,TE,0,0,0,0,0,0,0,0,0,0
Jalen Richard,OAK,RB,0,0,0,275,1,256,1,0,0,3
Paul Turner,NFL,WR,0,0,0,0,0,0,0,0,0,0
Michael Crabtree,BAL,WR,0,0,0,0,0,618,8,0,2,0
Trevor Siemian,MIN,QB,2285,12,14,127,1,0,0,0,0,2
Ian Thomas,CAR,TE,0,0,0,0,0,0,0,0,0,0
Bruce Ellington,HOU,WR,0,0,0,17,0,330,2,0,0,0
Brandon Wilson,CIN,RB,0,0,0,0,0,0,0,0,0,0
Nelson Agholor,PHI,WR,0,0,0,7,0,768,8,1,0,0
Jameill Showers,DAL,QB,0,0,0,0,0,0,0,0,0,0
Lamar Miller,HOU,RB,0,0,0,888,3,327,3,0,0,0
Dontez Ford,DET,WR,0,0,0,0,0,0,0,0,0,0
Eric Saubert,ATL,TE,0,0,0,0,0,0,0,0,0,0
Lance Kendricks,GB,TE,0,0,0,0,0,203,1,0,0,0
Luke Willson,DET,TE,0,0,0,0,0,153,4,0,0,0
Jarvis Landry,CLE,WR,0,0,0,-7,0,987,9,0,0,2
Josh Malone,CIN,WR,0,0,0,2,0,63,1,0,0,0
Isaiah Burse,NFL,WR,0,0,0,0,0,0,0,0,0,0
Jay Prosch,HOU,RB,0,0,0,0,0,31,0,0,0,0
Mason Schreck,CIN,TE,0,0,0,0,0,0,0,0,0,0
Rashawn Scott,MIA,WR,0,0,0,0,0,0,0,0,0,0
Brandon Radcliff,MIA,RB,0,0,0,0,0,0,0,0,0,0
Chris Hogan,NE,WR,0,0,0,17,0,439,5,0,0,0
Donte Moncrief,JAX,WR,0,0,0,0,0,391,2,0,0,0
Bo Scarbrough,DAL,RB,0,0,0,0,0,0,0,0,0,0
Bryce Petty,MIA,QB,544,1,3,55,0,0,0,0,0,0
Arrelious Benn,NFL,WR,0,0,0,0,0,12,0,0,0,0
Josh Bellamy,CHI,WR,0,0,0,6,0,376,1,0,0,0
Hunter Sharp,NYG,WR,0,0,0,0,0,54,1,0,0,0
Chester Rogers,IND,WR,0,0,0,8,0,284,1,0,0,0
Taiwan Jones,BUF,RB,0,0,0,0,0,11,0,0,0,0
Frank Gore,MIA,RB,0,0,0,961,3,245,1,0,0,0
Geronimo Allison,GB,WR,0,0,0,0,0,253,0,0,0,1
Dwayne Harris,OAK,WR,0,0,0,0,0,0,0,0,0,0
Christian Hackenberg,NFL,QB,0,0,0,0,0,0,0,0,0,0
Cody Kessler,JAX,QB,126,0,1,-1,0,0,0,0,0,0
Jacob Hollister,NE,TE,0,0,0,5,0,42,0,0,0,0
Blake Jarwin,DAL,TE,0,0,0,0,0,0,0,0,0,0
Jimmy Williams,DEN,WR,0,0,0,0,0,0,0,0,0,0
Terrance West,NO,RB,0,0,0,0,0,0,0,0,0,0
Derrick Willies,CLE,WR,0,0,0,0,0,0,0,0,0,0
Austin Seferian-Jenkins,JAX,TE,0,0,0,0,0,357,3,0,0,1
Josh Huff,NO,WR,0,0,0,0,0,0,0,0,0,0
Terron Ward,NFL,RB,0,0,0,129,0,14,0,0,0,1
Kenneth Dixon,BAL,RB,0,0,0,0,0,0,0,0,0,0
Kenny Stills,MIA,WR,0,0,0,0,0,847,6,0,0,2
Trent Sherfield,ARI,WR,0,0,0,0,0,0,0,0,0,0
Chris Herndon,NYJ,TE,0,0,0,0,0,0,0,0,0,0
Matt Flanagan,WAS,TE,0,0,0,0,0,0,0,0,0,0
Theo Riddick,DET,RB,0,0,0,286,3,444,2,0,0,1
Corey Grant,JAX,RB,0,0,0,248,2,41,0,0,0,1
Dres Anderson,IND,WR,0,0,0,0,0,0,0,0,0,0
Noah Brown,DAL,WR,0,0,0,0,0,33,0,0,0,0
Jordan Reed,WAS,TE,0,0,0,0,0,211,2,0,0,0
Reggie Davis,ATL,WR,0,0,0,0,0,0,0,0,0,0
Cooper Rush,DAL,QB,2,0,0,13,0,0,0,0,0,0
Jehu Chesson,KC,WR,0,0,0,0,0,18,0,0,0,0
Javorius Allen,BAL,RB,0,0,0,591,4,250,2,0,0,0
Francis Owusu,MIA,WR,0,0,0,0,0,0,0,0,0,0
Kareem Hunt,KC,RB,0,0,0,1327,8,455,3,0,0,1
Jeremy McNichols,SF,RB,0,0,0,0,0,0,0,0,0,0
Mitchell Trubisky,CHI,QB,2193,7,7,248,2,0,0,0,1,3
Shelton Gibson,PHI,WR,0,0,0,0,0,11,0,0,0,0
Marcus Kemp,KC,WR,0,0,0,0,0,0,0,0,0,0
Marquess Wilson,PHI,WR,0,0,0,0,0,0,0,0,0,0
Isaiah Ford,MIA,WR,0,0,0,0,0,0,0,0,0,0
Equanimeous St. Brown,GB,WR,0,0,0,0,0,0,0,0,0,0
Auden Tate,CIN,WR,0,0,0,0,0,0,0,0,0,0
Justin Crawford,ATL,RB,0,0,0,0,0,0,0,0,0,0
DJ Moore,CAR,WR,0,0,0,0,0,0,0,0,0,0
Pharoah McKever,PIT,TE,0,0,0,0,0,0,0,0,0,0
Erik Swoope,IND,TE,0,0,0,0,0,0,0,0,0,0
Kenny Golladay,DET,WR,0,0,0,9,0,477,3,0,0,0
Justin Hardee,NO,WR,0,0,0,0,0,0,0,0,0,0
Le'Veon Bell,PIT View News,RB,0,0,0,1291,9,655,2,0,0,2
Quincy Adeboyejo,BAL,WR,0,0,0,0,0,0,0,0,0,0
Manasseh Garner,WAS,TE,0,0,0,0,0,0,0,0,0,0
Keith Kirkwood,NO,WR,0,0,0,0,0,0,0,0,0,0
Sam Darnold,NYJ,QB,0,0,0,0,0,0,0,0,0,0
Chad Beebe,MIN,WR,0,0,0,0,0,0,0,0,0,0
Jack Heneghan,SF,QB,0,0,0,0,0,0,0,0,0,0
Matt Dayes,CLE,RB,0,0,0,13,0,29,0,0,0,0
Ryan Griffin,HOU,TE,0,0,0,0,0,158,1,0,1,0
Cam Newton,CAR,QB,3302,22,16,754,6,0,0,0,1,1
Chris Warren,OAK,RB,0,0,0,0,0,0,0,0,0,0
Jevoni Robinson,HOU,TE,0,0,0,0,0,0,0,0,0,0
Rashad Greene,JAX,WR,0,0,0,0,0,0,0,0,0,0
DeAngelo Yancey,GB,WR,0,0,0,0,0,0,0,0,0,0
Ted Ginn,NO,WR,0,0,0,39,0,787,4,0,0,0
Shane Smith,NYG,RB,0,0,0,0,0,0,0,0,0,0
Chad Kanoff,ARI,QB,0,0,0,0,0,0,0,0,0,0
DeAndre Carter,NFL,WR,0,0,0,0,0,0,0,0,0,0
Deon Cain,IND,WR,0,0,0,0,0,0,0,0,0,0
Braxton Berrios,NE,WR,0,0,0,0,0,0,0,0,0,0
Devin Ross,TEN,WR,0,0,0,0,0,0,0,0,0,0
Adam Shaheen,CHI,TE,0,0,0,0,0,127,3,0,0,0
Alex McGough,SEA,QB,0,0,0,0,0,0,0,0,0,0
Matthew Slater,NE,WR,0,0,0,0,0,0,0,0,0,0
Teo Redding,DET,WR,0,0,0,0,0,0,0,0,0,0
Nick Keizer,BAL,TE,0,0,0,0,0,0,0,0,0,0
LeGarrette Blount,DET,RB,0,0,0,766,2,50,1,0,1,1
Nick Chubb,CLE,RB,0,0,0,0,0,0,0,0,0,0
Zach Ertz,PHI,TE,0,0,0,0,0,824,8,0,0,1
Andy Janovich,DEN,RB,0,0,0,12,1,35,0,0,0,0
Marqise Lee,JAX,WR,0,0,0,17,0,702,3,0,1,0
Wendell Smallwood,PHI,RB,0,0,0,174,1,103,0,0,0,0
Adam Humphries,TB,WR,0,0,0,6,0,631,1,0,0,1
Jay Cutler,NFL,QB,2666,19,14,32,0,0,0,0,0,0
Joe Webb,HOU,QB,35,0,1,54,0,0,0,0,0,0
Devin Funchess,CAR,WR,0,0,0,0,0,840,8,0,0,0
Shaun Wilson,TB,RB,0,0,0,0,0,0,0,0,0,0
Alvin Kamara,NO,RB,0,0,0,728,8,826,5,0,1,1
Richard Rodgers,PHI,TE,0,0,0,0,0,160,1,0,0,0
Brandon Shippen,TEN,WR,0,0,0,0,0,0,0,0,0,0
Darren Fells,CLE,TE,0,0,0,0,0,177,3,0,0,0
Caleb Scott,SEA,WR,0,0,0,0,0,0,0,0,0,0
Damiere Byrd,CAR,WR,0,0,0,12,0,105,2,0,0,0
Dan Arnold,NO,WR,0,0,0,0,0,0,0,0,0,0
Ced Wilson,DAL,WR,0,0,0,0,0,0,0,0,0,0
Aaron Green,NFL,RB,0,0,0,0,0,0,0,0,0,0
Davante Adams,GB,WR,0,0,0,0,0,885,10,0,0,0
Joe Callahan,PHI,QB,11,0,0,0,0,0,0,0,0,0
Ralph Webb,NE,RB,0,0,0,0,0,0,0,0,0,0
Antonio Brown,PIT,WR,0,0,0,0,0,1533,9,0,1,0
Chris Manhertz,CAR,TE,0,0,0,0,0,17,0,0,0,0
Vance McDonald,PIT,TE,0,0,0,0,0,188,1,0,0,0
De'Angelo Henderson Sr.,DEN,RB,0,0,0,13,0,36,1,0,0,0
Jason Reese,TB,TE,0,0,0,0,0,0,0,0,0,0
Tyler Hoppes,MIN,TE,0,0,0,0,0,0,0,0,0,0
Sam Rogers,NFL,RB,0,0,0,0,0,0,0,0,0,0
Dalton Schultz,DAL,TE,0,0,0,0,0,0,0,0,0,0
Alex Gray,ATL,TE,0,0,0,0,0,0,0,0,0,0
Jalen Simmons,NYG,RB,0,0,0,0,0,0,0,0,0,0
Nick O'Leary,BUF,TE,0,0,0,0,0,322,2,0,0,1
Sean Mannion,LA,QB,185,0,0,-2,0,0,0,0,0,1
Andre Holmes,BUF,WR,0,0,0,0,0,120,3,0,0,0
Chris Lacy,DET,WR,0,0,0,0,0,0,0,0,0,0
Trent Taylor,SF,WR,0,0,0,0,0,430,2,0,0,1
Marquez Williams,CLE,RB,0,0,0,0,0,0,0,0,0,0
Victor Bolden,SF,WR,0,0,0,0,0,0,0,0,0,0
Shane Wynn,JAX,WR,0,0,0,0,0,0,0,0,0,0
Nick Bawden,DET,RB,0,0,0,0,0,0,0,0,0,0
Lance Lenoir,DAL,WR,0,0,0,0,0,0,0,0,0,0
Ed Dickson,SEA,TE,0,0,0,0,0,437,1,0,0,0
Chris Carson,SEA,RB,0,0,0,208,0,59,1,0,0,0
Jordan Wilkins,IND,RB,0,0,0,0,0,0,0,0,0,0
Vernon Davis,WAS,TE,0,0,0,0,0,648,3,0,0,2
Marchie Murdock,DAL,WR,0,0,0,0,0,0,0,0,0,0
Mike Glennon,ARI,QB,833,4,5,4,0,0,0,0,0,3
Javon Wims,CHI,WR,0,0,0,0,0,0,0,0,0,0
Benny Cunningham,CHI,RB,0,0,0,29,0,240,2,0,0,1
Teddy Bridgewater,NYJ,QB,0,0,1,-3,0,0,0,0,0,0
Devon Cajuste,CLE,TE,0,0,0,0,0,0,0,0,0,0
Tom Brady,NE,QB,4577,32,8,28,0,0,0,0,2,3
Charles D. Johnson,NYJ,WR,0,0,0,0,0,0,0,0,0,0
Taylor Gabriel,CHI,WR,0,0,0,49,0,378,1,0,0,0
Derek Watt,LAC,RB,0,0,0,24,0,35,0,0,0,0
Evan Baylis,CAR,TE,0,0,0,0,0,0,0,0,0,0
Doug Martin,OAK,RB,0,0,0,406,3,84,0,0,1,1
De'Mornay Pierson-El,,WR,0,0,0,0,0,0,0,0,0,0
A.J. Green,CIN,WR,0,0,0,0,0,1078,8,0,0,2
Gerald Everett,LA,TE,0,0,0,13,0,244,2,0,0,1
Johnny Stanton,MIN,RB,0,0,0,0,0,0,0,0,0,0
David Johnson,ARI,RB,0,0,0,23,0,67,0,0,0,1
Rex Burkhead,NE,RB,0,0,0,264,5,254,3,0,0,0
Wayne Gallman,NYG,RB,0,0,0,476,0,193,1,0,0,1
Alex Erickson,CIN,WR,0,0,0,16,0,180,1,0,0,1
Reggie Bonnafon,CAR,RB,0,0,0,0,0,0,0,0,0,0
David Morgan,MIN,TE,0,0,0,0,0,95,1,0,0,0
Nate Sudfeld,PHI,QB,134,0,0,22,0,0,0,0,0,0
Robert Griffin III,BAL,QB,0,0,0,0,0,0,0,0,0,0
Tom Savage,NO,QB,1412,5,6,2,0,0,0,0,0,7
Marcus Baugh,OAK,TE,0,0,0,0,0,0,0,0,0,0
Damien Williams,KC,RB,0,0,0,181,0,155,1,0,0,0
Julio Jones,ATL,WR,0,0,0,15,0,1444,3,0,0,0
Josh Perkins,PHI,TE,0,0,0,0,0,0,0,0,0,0
Josh Gordon,CLE,WR,0,0,0,0,0,335,1,0,0,0
Hayden Hurst,BAL,TE,0,0,0,0,0,0,0,0,0,0
Akeem Hunt,NFL,RB,0,0,0,23,0,31,0,0,0,0
Mason Rudolph,PIT,QB,0,0,0,0,0,0,0,0,0,0
Dontez Byrd,ATL,WR,0,0,0,0,0,0,0,0,0,0
Da'Mari Scott,CLE,WR,0,0,0,0,0,0,0,0,0,0
Adam Thielen,MIN,WR,0,0,0,11,0,1276,4,0,0,2
Ricky Seals-Jones,ARI,TE,0,0,0,0,0,201,3,0,0,0
Demario Richard,NFL,RB,0,0,0,0,0,0,0,0,0,0
Tre'Quan Smith,NO,WR,0,0,0,0,0,0,0,0,0,0
Jake Lampman,TB,WR,0,0,0,0,0,0,0,0,0,0
Jordan Veasy,TEN,WR,0,0,0,0,0,0,0,0,0,0
Orleans Darkwa,NFL,RB,0,0,0,751,5,116,0,0,1,0
Marquise Goodwin,SF,WR,0,0,0,44,0,962,2,0,0,0
Cordarrelle Patterson,NE,WR,0,0,0,121,2,309,0,0,0,0
Tavarres King,MIN,WR,0,0,0,3,0,240,3,0,0,0
Brian Quick,WAS,WR,0,0,0,0,0,76,0,0,0,0
Seth Roberts,OAK,WR,0,0,0,0,0,455,1,0,0,2
Greg Olsen,CAR,TE,0,0,0,0,0,191,1,0,0,0
Josh Reynolds,LA,WR,0,0,0,0,0,104,1,0,0,0
Cam Sims,WAS,WR,0,0,0,0,0,0,0,0,0,0
Brandin Cooks,LA,WR,0,0,0,40,0,1082,7,0,1,0
DeMarcus Ayers,CHI,WR,0,0,0,0,0,0,0,0,0,0
Shane Vereen,NFL,RB,0,0,1,164,0,253,0,0,0,0
Amba Etta-Tawo,NYG,WR,0,0,0,0,0,0,0,0,0,0
Jace Billingsley,DET,WR,0,0,0,0,0,0,0,0,0,0
Bishop Sankey,NFL,RB,0,0,0,0,0,0,0,0,0,0
Josh Ferguson,IND,RB,0,0,0,5,0,16,0,0,0,0
Tyler Eifert,CIN,TE,0,0,0,0,0,46,0,0,0,0
Geno Smith,LAC,QB,212,1,0,12,0,0,0,0,0,2
Jake Wieneke,MIN,WR,0,0,0,0,0,0,0,0,0,0
Michael Floyd,NFL,WR,0,0,0,0,0,78,0,0,0,0
Russell Hansbrough,LAC,RB,0,0,0,0,0,0,0,0,0,0
Josh Adams,PHI,RB,0,0,0,0,0,0,0,0,0,0
Luke Falk,TEN,QB,0,0,0,0,0,0,0,0,0,0
Russell Gage,ATL,WR,0,0,0,0,0,0,0,0,0,0
Jeff Heuerman,DEN,TE,0,0,0,0,0,142,2,0,0,0
Christian McCaffrey,CAR,RB,0,0,0,435,2,651,5,0,0,1
Ryan Nall,CHI,RB,0,0,0,0,0,0,0,0,0,0
Kyle Lauletta,NYG,QB,0,0,0,0,0,0,0,0,0,0
Khalid Hill,SEA,RB,0,0,0,0,0,0,0,0,0,0
Colin Kaepernick,NFL,QB,0,0,0,0,0,0,0,0,0,0
Simmie Cobbs,WAS,WR,0,0,0,0,0,0,0,0,0,0
Michael Roberts,DET,TE,0,0,0,0,0,46,0,0,0,0
Jordan Leggett,NYJ,TE,0,0,0,0,0,0,0,0,0,0
DeShone Kizer,GB,QB,2894,11,22,419,5,0,0,0,0,6
Bobo Wilson,TB,WR,0,0,0,8,0,18,1,0,0,0
Malcolm Johnson,SF,RB,0,0,0,0,0,0,0,0,0,0
Justin Thomas,PIT,WR,0,0,0,0,0,0,0,0,0,0
Deontay Burnett,TEN,WR,0,0,0,0,0,0,0,0,0,0
Louis Murphy,NFL,WR,0,0,0,0,0,121,1,0,0,0
Vince Mayle,BAL,WR,0,0,0,2,1,0,0,0,0,0
Blake Mack,KC,TE,0,0,0,0,0,0,0,0,0,0
Michael Hoomanawanui,NO,TE,0,0,0,0,0,52,1,0,0,0
Jacoby Brissett,IND,QB,3098,13,7,260,4,0,0,0,0,3
Corey Clement,PHI,RB,0,0,0,321,4,123,2,0,1,0
Larry Fitzgerald,ARI,WR,21,0,0,0,0,1156,6,0,1,1
Nic Shimonek,LAC,QB,0,0,0,0,0,0,0,0,0,0
DeVier Posey,BAL,WR,0,0,0,0,0,0,0,0,0,0
Amara Darboh,SEA,WR,0,0,0,0,0,71,0,0,0,0
James Summers,PIT,RB,0,0,0,0,0,0,0,0,0,0
Bryce Treggs,PHI,WR,0,0,0,6,0,79,0,0,0,1
Marvin Jones,DET,WR,0,0,0,0,0,1101,9,0,0,0
Kevin Hogan,WAS,QB,517,4,5,71,0,0,0,0,0,0
Andre Williams,NFL,RB,0,0,0,25,0,0,0,0,0,0
Ryan Smith,GB,TE,0,0,0,0,0,0,0,0,0,0
Philip Rivers,LAC,QB,4515,28,10,-2,0,0,0,0,0,1
Ben Braunecker,CHI,TE,0,0,0,0,0,0,0,0,0,0
Marcus Murphy,BUF,RB,0,0,0,41,0,7,0,0,0,0
Leonte Carroo,MIA,WR,0,0,0,0,0,69,0,0,0,0
Joe Kerridge,GB,RB,0,0,0,0,0,3,0,0,0,0
Dez Bryant,NFL,WR,0,0,0,-4,0,838,6,0,0,1
Chase Daniel,CHI,QB,0,0,0,-2,0,0,0,0,0,0
Steven Mitchell,LA,WR,0,0,0,0,0,0,0,0,0,0
Scott Orndoff,JAX,TE,0,0,0,0,0,0,0,0,0,0
Taquan Mizzell,CHI,RB,0,0,0,0,0,0,0,0,0,0
Eric Tomlinson,NYJ,TE,0,0,0,0,0,121,1,0,0,0
Robert Davis,WAS,WR,0,0,0,0,0,0,0,0,0,0
Carson Wentz,PHI,QB,3296,33,7,299,0,0,0,0,4,3
James Conner,PIT,RB,0,0,0,144,0,0,0,0,0,0
Maxx Williams,BAL,TE,0,0,0,6,0,86,1,0,0,1
Lucky Whitehead,NYJ,WR,0,0,0,0,0,0,0,0,0,0
John Phillips,NFL,TE,0,0,0,0,0,0,0,0,0,0
Dimitri Flowers,NYJ,RB,0,0,0,0,0,0,0,0,0,0
Jaron Brown,SEA,WR,0,0,0,0,0,477,4,0,0,0
Neal Sterling,NYJ,WR,0,0,0,0,0,82,0,0,0,0
Elijah Wellman,WAS,RB,0,0,0,0,0,0,0,0,0,0
Alshon Jeffery,PHI,WR,0,0,0,0,0,789,9,0,3,0
Jaylen Samuels,PIT,TE,0,0,0,0,0,0,0,0,0,0
Tyler Higbee,LA,TE,0,0,0,0,0,295,1,0,0,0
Keeon Johnson,NFL,WR,0,0,0,0,0,0,0,0,0,0
Mark Andrews,BAL,TE,0,0,0,0,0,0,0,0,0,0
Eric Decker,NFL,WR,0,0,0,0,0,563,1,0,0,0
Kurt Benkert,ATL,QB,0,0,0,0,0,0,0,0,0,0
Joel Bouagnon,GB,RB,0,0,0,0,0,0,0,0,0,0
Sergio Bailey,TB,WR,0,0,0,0,0,0,0,0,0,0
David Grinnage,JAX,TE,0,0,0,0,0,0,0,0,0,0
Garrett Dickerson,NYG,TE,0,0,0,0,0,0,0,0,0,0
Colin Thompson,CHI,TE,0,0,0,0,0,0,0,0,0,0
Chase Edmonds,ARI,RB,0,0,0,0,0,0,0,0,0,0
Markus Wheaton,PHI,WR,0,0,0,0,0,51,0,0,0,0
DeAndrew White,HOU,WR,0,0,0,0,0,24,0,0,0,0
J.T. Barrett,NO,QB,0,0,0,0,0,0,0,0,0,0
Lee Smith,OAK,TE,0,0,0,0,0,76,0,0,0,0
Cobi Hamilton,NFL,WR,0,0,0,0,0,8,0,0,0,0
Marlon Brown,CHI,WR,0,0,0,0,0,0,0,0,0,0
Logan Woodside,CIN,QB,0,0,0,0,0,0,0,0,0,0
Christine Michael,IND,RB,0,0,0,0,0,0,0,0,0,0
Sean McGrath,DET,TE,0,0,0,0,0,46,0,0,0,0
Gehrig Dieter,KC,WR,0,0,0,0,0,0,0,0,0,0
Russell Shepard,NYG,WR,0,0,0,19,0,202,1,0,0,0
Marcedes Lewis,GB,TE,0,0,0,0,0,318,5,0,1,0
Jeremy Sprinkle,WAS,TE,0,0,0,0,0,13,1,0,0,0
Hunter Henry,LAC,TE,0,0,0,0,0,579,4,0,0,0
Darrell Daniels,IND,TE,0,0,0,0,0,26,0,0,0,0
Travis Benjamin,LAC,WR,0,0,0,96,0,567,4,0,0,0
Allen Robinson,CHI,WR,0,0,0,0,0,17,0,0,0,0
Lamar Jordan,ATL,WR,0,0,0,0,0,0,0,0,0,0
Paul Perkins,NYG,RB,0,0,0,90,0,46,0,0,0,0
C.J. Beathard,SF,QB,1430,4,6,136,3,0,0,0,0,2
Trey Griffey,PIT,WR,0,0,0,0,0,0,0,0,0,0
Ronald Jones,TB,RB,0,0,0,0,0,0,0,0,0,0
Tyreek Hill,KC,WR,0,0,1,59,0,1183,7,0,0,0
Demarcus Robinson,KC,WR,0,0,0,0,0,212,0,0,0,0
Malik Earl,NFL,WR,0,0,0,0,0,0,0,0,0,0
Phillip Supernaw,TEN,TE,0,0,0,0,0,39,1,0,0,0
Jarvion Franklin,PIT,RB,0,0,0,0,0,0,0,0,0,0
Devontae Booker,DEN,RB,0,0,0,299,1,275,0,0,0,1
Nelson Spruce,LAC,WR,0,0,0,0,0,0,0,0,0,0
Jeremy Maclin,NFL,WR,0,0,0,0,0,440,3,0,0,0
Dontrell Hilliard,CLE,RB,0,0,0,0,0,0,0,0,0,0
Chad Williams,ARI,WR,0,0,0,33,0,31,0,0,0,0
Saquon Barkley,NYG,RB,0,0,0,0,0,0,0,0,0,0
Brian Parker,DEN,TE,0,0,0,0,0,0,0,0,0,0
Devin Gray,ATL,WR,0,0,0,0,0,0,0,0,0,0
Fred Ross,CAR,WR,0,0,0,0,0,0,0,0,0,0
Michael Burton,CHI,RB,0,0,0,9,0,8,0,0,0,0
Brandon Greene,CHI,TE,0,0,0,0,0,0,0,0,0,0
Braedon Bowman,LAC,TE,0,0,0,0,0,0,0,0,0,0
Marvin Hall,ATL,WR,0,0,0,0,0,60,1,0,0,0
Alex Armah,CAR,RB,0,0,0,0,0,0,0,0,0,0
Julian Edelman,NE,WR,0,0,0,0,0,0,0,0,0,0
T.J. Logan,ARI,RB,0,0,0,0,0,0,0,0,0,0
Tanner McEvoy,SEA,WR,0,0,1,0,0,113,0,0,0,1
Durham Smythe,MIA,TE,0,0,0,0,0,0,0,0,0,0
Seantavius Jones,IND,WR,0,0,0,0,0,0,0,0,0,0
Quinton Flowers,CIN,RB,0,0,0,0,0,0,0,0,0,0
Zach Zenner,DET,RB,0,0,0,26,1,0,0,0,0,0
Robert Tonyan,GB,WR,0,0,0,0,0,0,0,0,0,0
David Fluellen,TEN,RB,0,0,0,21,0,0,0,0,0,0
K.J. Brent,IND,WR,0,0,0,0,0,0,0,0,0,0
DJ Pumphrey,PHI,RB,0,0,0,0,0,0,0,0,0,0
Kapri Bibbs,WAS,RB,0,0,0,79,0,128,1,0,0,0
Kevin Rader,GB,TE,0,0,0,0,0,0,0,0,0,0
Elijah McGuire,NYJ,RB,0,0,0,315,1,177,1,0,1,2
Devin Smith,NYJ,WR,0,0,0,0,0,0,0,0,0,0
Jameis Winston,TB,QB,3504,19,11,135,1,0,0,0,1,7
Brandon Allen,LA,QB,0,0,0,0,0,0,0,0,0,0
Mark Thompson,BAL,RB,0,0,0,0,0,0,0,0,0,0
Will Fuller,HOU,WR,0,0,0,9,0,423,7,0,0,0
Rishard Matthews,TEN,WR,0,0,0,-3,0,795,4,0,0,0
Will Dissly,SEA,TE,0,0,0,0,0,0,0,0,0,0
Antony Auclair,TB,TE,0,0,0,0,0,25,0,0,0,0
Ben Koyack,JAX,TE,0,0,0,0,0,38,0,0,1,0
Mack Hollins,PHI,WR,0,0,0,0,0,226,1,0,0,0
Garrett Gilbert,CAR,QB,0,0,0,0,0,0,0,0,0,0
Nick Boyle,BAL,TE,0,0,0,0,0,203,0,0,1,0
Calvin Ridley,ATL,WR,0,0,0,0,0,0,0,0,0,0
Dion Lewis,TEN,RB,0,0,0,896,6,214,3,0,0,0
Ryan Grant,IND,WR,0,0,0,0,0,573,4,0,0,0
Keith Smith,OAK,RB,0,0,0,0,0,26,0,0,0,0
J.J. Nelson,ARI,WR,0,0,0,37,0,508,2,0,0,1
MyCole Pruitt,HOU,TE,0,0,0,0,0,0,0,0,0,0
Jamaal Jones,CAR,WR,0,0,0,0,0,0,0,0,0,0
Eli Manning,NYG,QB,3468,19,13,26,1,0,0,0,0,5
Matt McGloin,KC,QB,0,0,0,0,0,0,0,0,0,0
DeMarco Murray,NFL,RB,0,0,0,659,6,266,1,0,0,1
Josh Johnson,NFL,QB,0,0,0,0,0,0,0,0,0,0
Michael Thomas,NO,WR,0,0,0,0,0,1245,5,0,0,0
Kermit Whitfield,CIN,WR,0,0,0,0,0,0,0,0,0,0
Adrian Peterson,NFL,RB,0,0,0,529,2,70,0,0,0,2
Daniel Marx,ATL,RB,0,0,0,0,0,0,0,0,0,0
Mose Frazier,CAR,WR,0,0,0,0,0,0,0,0,0,0
Byron Marshall,WAS,WR,0,0,0,32,0,36,0,0,0,0
Matthew Stafford,DET,QB,4446,29,10,98,0,0,0,0,2,7
Ka'Raun White,CIN,WR,0,0,0,0,0,0,0,0,0,0
Ryan Switzer,OAK,WR,0,0,0,5,0,41,0,0,0,1
Terrance Williams,DAL,WR,0,0,0,15,0,568,0,0,0,0
Donnie Ernsberger,TB,TE,0,0,0,0,0,0,0,0,0,0
Troy Niklas,NE,TE,0,0,0,0,0,132,1,0,0,0
Aaron Burbridge,SF,WR,0,0,0,0,0,0,0,0,0,0
Bilal Powell,NYJ,RB,0,0,0,772,5,170,0,0,0,1
Ryan O'Malley,NYG,TE,0,0,0,0,0,0,0,0,0,0
Alfred Morris,NFL,RB,0,0,0,547,1,45,0,0,0,0
Austin Duke,CAR,WR,0,0,0,0,0,0,0,0,0,0
Kaelin Clay,BUF,WR,0,0,0,27,0,85,0,0,0,1
Rod Smith,DAL,RB,0,0,0,232,4,202,1,0,0,0
Taysom Hill,NO,QB,0,0,0,0,0,0,0,0,0,0
David Wells,DAL,TE,0,0,0,0,0,0,0,0,0,0
Brad Kaaya,IND,QB,0,0,0,0,0,0,0,0,0,0
Anthony Manzo-Lewis,LAC,RB,0,0,0,0,0,0,0,0,0,0
Gavin Escobar,MIA,TE,0,0,0,0,0,0,0,0,0,0
Gabe Holmes,ARI,TE,0,0,0,0,0,0,0,0,0,0
Antonio Gates,NFL,TE,0,0,0,0,0,316,3,0,0,0
Curtis Samuel,CAR,WR,0,0,0,64,0,115,0,0,0,0
Bennie Fowler,CHI,WR,0,0,0,0,0,350,3,0,0,0
Christian Kirk,ARI,WR,0,0,0,0,0,0,0,0,0,0
Nyheim Hines,IND,RB,0,0,0,0,0,0,0,0,0,0
John Ross,CIN,WR,0,0,0,12,0,0,0,0,0,1
Matt Ryan,ATL,QB,4095,20,12,143,0,0,0,0,0,3
Emanuel Byrd,GB,TE,0,0,0,0,0,31,0,0,0,0
Elijah Marks,KC,WR,0,0,0,0,0,0,0,0,0,0
KD Cannon,DAL,WR,0,0,0,0,0,0,0,0,0,0
John Brown,BAL,WR,0,0,0,10,0,299,3,0,0,0
Kelvin Benjamin,BUF,WR,0,0,0,0,0,692,3,0,0,0
D.J. Chark,JAX,WR,0,0,0,0,0,0,0,0,0,0
Seth DeValve,CLE,WR,0,0,0,0,0,395,1,0,0,1
Josh Hill,NO,TE,0,0,0,-8,0,125,1,0,0,2
D'Onta Foreman,HOU,RB,0,0,0,327,2,83,0,0,0,1
Brandon Weeden,HOU,QB,0,0,0,0,0,0,0,0,0,0
Ito Smith,ATL,RB,0,0,0,0,0,0,0,0,0,0
Jerell Adams,NYG,TE,0,0,0,0,0,92,0,0,0,0
Brandon Bolden,NE,RB,0,0,0,67,0,7,0,0,0,0
Stevan Ridley,PIT,RB,0,0,0,108,1,0,0,0,0,0
Paul Butler,OAK,TE,0,0,0,0,0,0,0,0,0,0
Logan Thomas,BUF,TE,0,0,0,0,0,67,1,0,0,0
Jared Goff,LA,QB,3804,28,7,51,1,0,0,0,0,3
Trevor Davis,GB,WR,0,0,0,13,0,70,0,0,0,0
Jeff Janis,CLE,WR,0,0,0,0,0,12,0,0,0,0
Tyler Kroft,CIN,TE,0,0,0,0,0,404,7,0,0,0
Ricky Jeune,LA,WR,0,0,0,0,0,0,0,0,0,0
Keith Towbridge,BUF,TE,0,0,0,0,0,0,0,0,0,0
Anthony Sherman,KC,RB,0,0,0,40,1,47,0,0,0,0
Nate Wozniak,NO,TE,0,0,0,0,0,0,0,0,0,0
Garrett Griffin,NO,TE,0,0,0,0,0,4,0,0,0,0
Dylan Cantrell,LAC,WR,0,0,0,0,0,0,0,0,0,0
Troymaine Pope,HOU,RB,0,0,0,0,0,0,0,0,0,0
Nathan Peterman,BUF,QB,252,2,5,23,0,0,0,0,0,0
Trenton Cannon,NYJ,RB,0,0,0,0,0,0,0,0,0,0
Fred Brown,LA,WR,0,0,0,0,0,0,0,0,0,0
Jeremy Kerley,BUF,WR,0,0,0,0,0,217,1,0,0,2
Phillip Lindsay,DEN,RB,0,0,0,0,0,0,0,0,0,0
Jordy Nelson,OAK,WR,0,0,0,0,0,482,6,0,0,0
Tanner Hudson,TB,TE,0,0,0,0,0,0,0,0,0,0
Dontrelle Inman,NFL,WR,0,0,0,0,0,343,1,0,0,0
Josiah Price,MIN,TE,0,0,0,0,0,0,0,0,0,0
Johnny Holton,OAK,WR,0,0,0,0,0,218,3,0,0,2
Chad Henne,KC,QB,0,0,0,-5,0,0,0,0,0,0
AJ McCarron,BUF,QB,66,0,0,0,0,0,0,0,0,0
T.Y. Hilton,IND,WR,0,0,0,0,0,966,4,0,0,1
Danny Etling,NE,QB,0,0,0,0,0,0,0,0,0,0
James Washington,PIT,WR,0,0,0,0,0,0,0,0,0,0
Rhett Ellison,NYG,RB,0,0,0,0,0,235,2,0,0,0
Jordan Leslie,DEN,WR,0,0,0,0,0,26,0,0,0,0
Chase Litton,KC,QB,0,0,0,0,0,0,0,0,0,0
Matt Breida,SF,RB,0,0,0,465,2,180,1,0,0,0
Jakeem Grant,MIA,WR,0,0,0,12,0,203,2,0,0,1
Joshua Dobbs,PIT,QB,0,0,0,0,0,0,0,0,0,0
Dante Pettis,SF,WR,0,0,0,0,0,0,0,0,0,0
Alan Cross,TB,TE,0,0,0,0,0,58,0,0,0,0
James Wright,IND,WR,0,0,0,0,0,0,0,0,0,0
Torrey Smith,CAR,WR,0,0,0,-3,0,430,2,0,0,0
Stacy Coley,MIN,WR,0,0,0,0,0,0,0,0,0,0
Roger Lewis,NYG,WR,0,0,0,0,0,416,2,0,0,0
Chris Thompson,HOU,WR,0,0,0,0,0,84,0,0,0,0
Cayleb Jones,MIN,WR,0,0,0,0,0,0,0,0,0,0
Ryan Hewitt,CIN,TE,0,0,0,0,0,22,0,0,0,0
Albert Wilson,MIA,WR,0,0,0,6,0,554,3,0,0,0
Mike Davis,SEA,RB,0,0,0,240,0,131,0,0,0,0
Randall Telfer,NFL,TE,0,0,0,0,0,36,0,0,0,0
Brett Hundley,GB,QB,1836,9,12,270,2,10,0,0,1,2
Freddie Martino,TB,WR,0,0,0,0,0,96,0,0,0,0
Robert Turbin,IND,RB,0,0,0,53,1,56,0,0,0,0
Kyle Juszczyk,SF,RB,0,0,0,31,0,315,1,0,0,2
Travaris Cadet,BUF,RB,0,0,0,96,0,119,0,0,0,0
Sean Culkin,LAC,TE,0,0,0,0,0,0,0,0,0,0
Josh Allen,BUF,QB,0,0,0,0,0,0,0,0,0,0
Tyler Bray,CHI,QB,0,0,0,0,0,0,0,0,0,1
Benjamin Watson,NO,TE,0,0,0,0,0,522,4,0,0,0
Jason Croom,BUF,TE,0,0,0,0,0,0,0,0,0,0
Korey Robertson,MIN,WR,0,0,0,0,0,0,0,0,0,0
Dak Prescott,DAL,QB,3324,22,13,357,6,0,0,0,0,3
Doug Baldwin,SEA,WR,0,0,0,-8,0,991,8,0,1,0
Brandon Marshall,SEA,WR,0,0,0,0,0,154,0,0,0,0
Keenan Allen,LAC,WR,0,0,0,9,0,1393,6,1,0,0
Isaac Whitney,OAK,WR,0,0,0,0,0,0,0,0,0,0
Nick Mullens,SF,QB,0,0,0,0,0,0,0,0,0,0
Steve Ishmael,IND,WR,0,0,0,0,0,0,0,0,0,0
Jacquizz Rodgers,TB,RB,0,0,0,244,1,74,0,0,0,0
Justin Hunter,PIT,WR,0,0,0,0,0,23,1,0,0,0
Ezekiel Elliott,DAL,RB,0,0,0,983,7,269,2,0,0,1
Ross Travis,IND,TE,0,0,0,0,0,76,0,0,0,0
Lavon Coleman,HOU,RB,0,0,0,0,0,0,0,0,0,0
Virgil Green,LAC,TE,0,0,0,0,0,191,1,0,0,0
C.J. Board,CLE,WR,0,0,0,0,0,0,0,0,0,0
Stephen Morris,HOU,QB,0,0,0,0,0,0,0,0,0,0
Christian Blake,ATL,WR,0,0,0,0,0,0,0,0,0,0
Danny Amendola,MIA,WR,0,0,0,0,0,659,2,0,0,0
Jake McGee,PIT,TE,0,0,0,0,0,0,0,0,0,0
Ricardo Louis,CLE,WR,0,0,0,0,0,357,0,0,0,0
Marquez Valdes-Scantling,GB,WR,0,0,0,0,0,0,0,0,0,0
Jermaine Gresham,ARI,TE,0,0,0,0,0,322,2,0,0,0
Austin Proehl,BUF,WR,0,0,0,0,0,0,0,0,0,0
Drew Stanton,CLE,QB,894,6,5,7,0,0,0,0,0,0
Derrius Guice,WAS,RB,0,0,0,0,0,0,0,0,0,0
Mikah Holder,NFL,WR,0,0,0,0,0,0,0,0,0,0
Cardale Jones,LAC,QB,0,0,0,0,0,0,0,0,0,0
Charcandrick West,KC,RB,0,0,0,72,2,150,2,0,0,0
Rasheed Bailey,CAR,WR,0,0,0,0,0,0,0,0,0,0
Tyrell Williams,LAC,WR,0,0,0,0,0,728,4,0,0,1
Zach Line,NO,RB,0,0,0,28,0,8,1,0,0,0
Thomas Rawls,NYJ,RB,0,0,0,157,0,94,0,0,0,1
Jonnu Smith,TEN,TE,0,0,0,0,0,157,2,0,0,0
Tanner Lee,JAX,QB,0,0,0,0,0,0,0,0,0,0
J'Mon Moore,GB,WR,0,0,0,0,0,0,0,0,0,0
Chris Godwin,TB,WR,0,0,0,0,0,525,1,0,0,0
Jay Ajayi,PHI,RB,0,0,0,873,1,158,1,0,0,2
Charles Sims,TB,RB,0,0,0,95,0,249,1,0,0,1
Jerick McKinnon,SF,RB,0,0,0,570,3,421,2,0,1,2
Ty Montgomery,GB,RB,0,0,0,273,3,173,1,0,0,0
Shane Wimann,NE,TE,0,0,0,0,0,0,0,0,0,0
Shay Fields,WAS,WR,0,0,0,0,0,0,0,0,0,0
Jordan Akins,HOU,TE,0,0,0,0,0,0,0,0,0,0
Phillip Walker,IND,QB,0,0,0,0,0,0,0,0,0,0
Devin Lucien,NFL,WR,0,0,0,0,0,0,0,0,0,0
C.J. Ham,MIN,RB,0,0,0,13,1,68,0,0,0,0
Chris Conley,KC,WR,0,0,0,0,0,175,0,0,0,0
Lamar Jackson,BAL,QB,0,0,0,0,0,0,0,0,0,0
Mike Williams,LAC,WR,0,0,0,0,0,95,0,0,0,0
Tyler Boyd,CIN,WR,0,0,0,0,0,225,2,0,0,0
Chad Hansen,NYJ,WR,0,0,0,0,0,94,0,0,0,0
J.D. McKissic,SEA,WR,0,0,0,187,1,266,2,0,0,0
De'Veon Smith,NFL,RB,0,0,0,0,0,27,0,0,0,0
Andre Patton,LAC,WR,0,0,0,0,0,0,0,0,0,0
Austin Allen,TB,QB,0,0,0,0,0,0,0,0,0,0
Kalen Ballage,MIA,RB,0,0,0,0,0,0,0,0,0,0
DeSean Jackson,TB,WR,0,0,0,38,0,668,3,0,0,0
Alex Collins,BAL,RB,0,0,0,973,6,187,0,0,0,2
Aaron Jones,GB,RB,0,0,0,448,4,22,0,0,0,0
Austin Ramesh,NFL,RB,0,0,0,0,0,0,0,0,0,0
Malcolm Brown,LA,RB,0,0,0,246,1,53,0,0,0,0
Josh Woodrum,BAL,QB,0,0,0,0,0,0,0,0,0,0
Austin Davis,SEA,QB,0,0,0,-1,0,0,0,0,0,0
Amari Cooper,OAK,WR,0,0,0,4,0,680,7,0,0,0
Isaiah McKenzie,DEN,WR,0,0,0,4,0,29,0,0,0,2
Gus Edwards,BAL,RB,0,0,0,0,0,0,0,0,0,0
Mark Walton,CIN,RB,0,0,0,0,0,0,0,0,0,0
Roc Thomas,MIN,RB,0,0,0,0,0,0,0,0,0,0
Eli Rogers,NFL,WR,0,0,0,0,0,149,1,0,0,1
Sterling Shepard,NYG,WR,0,0,0,4,0,731,2,0,0,0
Jeremy Hill,NE,RB,0,0,0,116,0,16,0,0,0,0
Brandon Powell,DET,WR,0,0,0,0,0,0,0,0,0,0
Brian Hoyer,NE,QB,1287,4,4,4,1,0,0,0,0,1
LeSean McCoy,BUF,RB,0,0,0,1138,6,448,2,0,0,1
Daniel Brown,CHI,TE,0,0,0,0,0,129,0,0,0,0
Justin Davis,LA,RB,0,0,0,1,0,0,0,0,0,0
Tevin Coleman,ATL,RB,0,0,0,628,5,299,3,0,0,0
Mohamed Sanu,ATL,WR,51,1,0,10,0,703,5,0,0,0
Marcell Ateman,OAK,WR,0,0,0,0,0,0,0,0,0,0
Blaine Gabbert,TEN,QB,1086,6,6,82,0,0,0,0,1,2
Derek Carr,OAK,QB,3496,22,13,66,0,0,0,0,2,3
A.J. Derby,MIA,TE,0,0,0,0,0,244,2,0,0,1
James O'Shaughnessy,JAX,TE,0,0,0,0,0,149,1,0,0,0
Janarion Grant,BAL,WR,0,0,0,0,0,0,0,0,0,0
Jamaal Charles,NFL,RB,0,0,0,296,1,129,0,0,0,2
C.J. Anderson,CAR,RB,0,0,0,1007,3,224,1,0,1,1
Stephen Anderson,HOU,TE,0,0,0,0,0,342,1,0,0,0
Zay Jones,BUF,WR,0,0,0,0,0,316,2,0,0,0
Bradley Marquez,DET,WR,0,0,0,0,0,0,0,0,0,0
Tim Boyle,GB,QB,0,0,0,0,0,0,0,0,0,0
Michael Campanaro,TEN,WR,0,0,0,42,0,173,1,0,0,0
Temarrick Hemingway,LA,TE,0,0,0,0,0,0,0,0,0,0
Ameer Abdullah,DET,RB,0,0,0,552,4,162,1,0,0,1
Zach Pascal,IND,WR,0,0,0,0,0,0,0,0,0,0
Fitzgerald Toussaint,PIT,RB,0,0,0,25,0,9,0,0,0,0
Coby Fleener,NFL,TE,0,0,0,0,0,295,2,0,0,0
Mo Alie-Cox,IND,TE,0,0,0,0,0,0,0,0,0,0
Brandon LaFell,CIN,WR,0,0,0,0,0,548,3,0,0,0
Deon Yelder,NO,TE,0,0,0,0,0,0,0,0,0,0
Melvin Gordon,LAC,RB,0,0,0,1105,8,476,4,0,0,0
Andre Levrone,BAL,WR,0,0,0,0,0,0,0,0,0,0
Kendall Wright,MIN,WR,0,0,0,0,0,614,1,0,0,0
Brandon Barnes,DET,TE,0,0,0,0,0,0,0,0,0,0
Cameron Brate,TB,TE,0,0,0,0,0,591,6,0,0,0
Rico Gathers,DAL,TE,0,0,0,0,0,0,0,0,0,0
Andre Roberts,NYJ,WR,0,0,0,0,0,12,0,0,0,1
Anthony Mahoungou,PHI,WR,0,0,0,0,0,0,0,0,0,0
Deshaun Watson,HOU,QB,1699,19,8,269,2,0,0,0,2,1
Terry Swanson,HOU,RB,0,0,0,0,0,0,0,0,0,0
Matt Schaub,ATL,QB,0,0,0,0,0,0,0,0,0,0
Jared Cook,OAK,TE,0,0,0,0,0,688,2,0,0,1
Kyle Lewis,NFL,WR,0,0,0,0,0,0,0,0,0,0
Geremy Davis,LAC,WR,0,0,0,0,0,0,0,0,0,0
Senorise Perry,MIA,RB,0,0,0,30,0,3,0,0,0,0
Braxton Miller,HOU,WR,0,0,0,1,0,162,1,0,0,0
JuJu Smith-Schuster,PIT,WR,0,0,0,0,0,917,7,0,0,0
Jarveon Williams,CIN,RB,0,0,0,0,0,0,0,0,0,0
Jalen Tolliver,ARI,WR,0,0,0,0,0,0,0,0,0,0
Landry Jones,PIT,QB,239,1,1,-10,0,0,0,0,0,1
Tion Green,NFL,RB,0,0,0,165,2,14,0,0,0,0
Paxton Lynch,DEN,QB,295,2,3,30,0,0,0,0,0,1
Austin Traylor,DEN,TE,0,0,0,0,0,100,0,0,0,0
Ross Dwelley,SF,TE,0,0,0,0,0,0,0,0,0,0
ArDarius Stewart,NYJ,WR,0,0,0,27,0,82,0,0,0,0
Keke Coutee,HOU,WR,0,0,0,0,0,0,0,0,0,0
Dalton Crossan,TB,RB,0,0,0,0,0,0,0,0,0,0
Tommylee Lewis,NO,WR,0,0,0,14,0,116,1,0,0,1
Saeed Blacknall,OAK,WR,0,0,0,0,0,0,0,0,0,0
Steven Dunbar,SF,WR,0,0,0,0,0,0,0,0,0,0
Mack Brown,MIN,RB,0,0,0,29,0,11,0,0,0,0
Julian Allen,CLE,TE,0,0,0,0,0,0,0,0,0,0
Jordan Franks,CIN,TE,0,0,0,0,0,0,0,0,0,0
Drew Morgan,MIA,WR,0,0,0,0,0,0,0,0,0,0
Luke Stocker,TEN,TE,0,0,0,0,0,30,1,0,0,0
Keith Marshall,WAS,RB,0,0,0,0,0,0,0,0,0,0
Isaiah Crowell,NYJ,RB,0,0,0,853,2,182,0,0,1,1
Malachi Dupre,BUF,WR,0,0,0,0,0,0,0,0,0,0
Brandon Reilly,BUF,WR,0,0,0,0,0,0,0,0,0,0
MarQueis Gray,MIA,TE,0,0,0,14,0,10,0,0,0,0
Todd Gurley,LA,RB,0,0,0,1305,13,788,6,0,0,2
Cody Latimer,NYG,WR,0,0,0,0,0,287,2,0,1,0
Duke Johnson,CLE,RB,0,0,0,348,4,693,3,0,0,2
Robby Anderson,NYJ,WR,0,0,0,9,0,941,7,0,0,0
Michael Gallup,DAL,WR,0,0,0,0,0,0,0,0,0,0
Darrel Williams,KC,RB,0,0,0,0,0,0,0,0,0,0
Jesse James,PIT,TE,0,0,0,0,0,372,3,0,0,0
Giovani Bernard,CIN,RB,0,0,0,458,2,389,2,0,0,0
Luke McNitt,ATL,RB,0,0,0,0,0,0,0,0,0,0
James White,NE,RB,0,0,0,171,0,429,3,0,0,0
Josh Rosen,ARI,QB,0,0,0,0,0,0,0,0,0,0
Cody Hollister,NE,WR,0,0,0,0,0,0,0,0,0,0
Evan Berry,CLE,WR,0,0,0,0,0,0,0,0,0,0
Lenard Tillery,NFL,RB,0,0,0,0,0,0,0,0,0,0
Aldrick Robinson,SF,WR,0,0,0,0,0,260,2,0,0,0
Brandon Wilds,JAX,RB,0,0,0,0,0,0,0,0,0,0
Ray-Ray McCloud,BUF,WR,0,0,0,0,0,0,0,0,0,0
T.J. Yeldon,JAX,RB,0,0,0,253,2,224,0,0,0,1
Andre Ellington,NFL,RB,0,0,0,55,1,369,0,0,0,0
Justin Hardy,ATL,WR,0,0,0,0,0,221,3,0,0,0
Sammie Coates,HOU,WR,0,0,0,0,0,70,0,0,0,0
Tyrod Taylor,CLE,QB,2799,14,4,427,4,0,0,0,0,2
Jarius Wright,CAR,WR,0,0,0,0,0,198,2,0,0,0
Robert Woods,LA,WR,0,0,0,12,0,781,5,0,0,1
Detrich Clark,NFL,WR,0,0,0,0,0,0,0,0,0,0
Tyler Conklin,MIN,TE,0,0,0,0,0,0,0,0,0,0
Carlton Agudosi,ARI,WR,0,0,0,0,0,0,0,0,0,0
Jimmy Graham,GB,TE,0,0,0,0,0,520,10,0,1,0
Kyle Allen,CAR,QB,0,0,0,0,0,0,0,0,0,0
Keon Hatcher,OAK,WR,0,0,0,0,0,0,0,0,0,0
Cole Hikutini,SF,TE,0,0,0,0,0,15,0,0,0,0
DeAndre Goolsby,NFL,TE,0,0,0,0,0,0,0,0,0,0
Austin Carr,NO,WR,0,0,0,0,0,0,0,0,0,0
Stefon Diggs,MIN,WR,0,0,0,13,0,849,8,0,0,0
Danny Vitale,CLE,RB,0,0,0,0,0,19,0,0,0,0
Kirk Cousins,MIN,QB,4093,27,13,179,4,0,0,0,0,5
J.D. Moore,KC,RB,0,0,0,0,0,0,0,0,0,0
Beau Sandland,ARI,TE,0,0,0,0,0,0,0,0,0,0
DaeSean Hamilton,DEN,WR,0,0,0,0,0,0,0,0,0,0
Jonathan Stewart,NYG,RB,0,0,0,680,6,52,1,0,0,3
Pharaoh Brown,OAK,TE,0,0,0,0,0,0,0,0,0,0
Johnny Mundt,LA,TE,0,0,0,0,0,0,0,0,0,0
Corey Coleman,CLE,WR,0,0,0,0,0,305,2,0,0,0
Corey Willis,ARI,WR,0,0,0,0,0,0,0,0,0,0
Kyle Sloter,MIN,QB,0,0,0,0,0,0,0,0,0,0
Mike Boone,MIN,RB,0,0,0,0,0,0,0,0,0,0
Tyrone Swoopes,SEA,TE,0,0,0,0,0,0,0,0,0,0
Devante Mays,GB,RB,0,0,0,1,0,0,0,0,0,1
Travis Rudolph,NYG,WR,0,0,0,0,0,101,0,0,0,0
Boston Scott,NO,RB,0,0,0,0,0,0,0,0,0,0
Kolby Listenbee,NFL,WR,0,0,0,0,0,0,0,0,0,0
DeVante Parker,MIA,WR,0,0,0,0,0,670,1,0,0,0
Daurice Fountain,IND,WR,0,0,0,0,0,0,0,0,0,0
DeAndre Hopkins,HOU,WR,0,0,0,0,0,1378,13,0,0,1
Andy Dalton,CIN,QB,3320,25,12,99,0,0,0,0,0,4
Jordan Matthews,NE,WR,0,0,0,0,0,282,1,0,0,1
Patrick DiMarco,BUF,RB,0,0,0,-2,0,28,0,0,0,0
Chris Moore,BAL,WR,0,0,0,-9,0,248,3,1,0,0
Peyton Barber,TB,RB,0,0,0,423,3,114,0,0,0,1
Aaron Ripkowski,GB,RB,0,0,0,13,0,39,0,0,0,0
Jordan Taylor,DEN,WR,0,0,0,0,0,142,0,0,0,0
Carlos Hyde,CLE,RB,0,0,0,938,8,350,0,0,0,1
Brian Hill,CIN,RB,0,0,0,37,0,36,0,0,0,0
Rashad Ross,ARI,WR,0,0,0,0,0,0,0,0,0,0
Darius Jennings,TEN,WR,0,0,0,0,0,0,0,0,0,0
Randall Cobb,GB,WR,10,0,0,17,0,653,4,0,1,0
Trey Edmunds,NO,TE,0,0,0,48,1,0,0,0,0,0
Dallas Goedert,PHI,TE,0,0,0,0,0,0,0,0,0,0
Cooper Kupp,LA,WR,0,0,0,0,0,869,5,0,0,1
Latavius Murray,MIN,RB,0,0,0,842,8,103,0,0,0,0
Dalvin Cook,MIN,RB,0,0,0,354,2,90,0,0,0,1
Malik Williams,ATL,RB,0,0,0,0,0,0,0,0,0,0
Odell Beckham,NYG,WR,0,0,0,8,0,302,3,0,0,0
Hakeem Valles,DET,TE,0,0,0,0,0,0,0,0,0,0
Tim Patrick,DEN,WR,0,0,0,0,0,0,0,0,0,0
Eric Ebron,IND,TE,0,0,0,0,0,574,4,0,0,1
Troy Fumagalli,DEN,TE,0,0,0,0,0,0,0,0,0,0
Chad Kelly,DEN,QB,0,0,0,0,0,0,0,0,0,0
Sammy Watkins,KC,WR,0,0,0,0,0,593,8,0,0,0
Greg Ward,PHI,WR,0,0,0,0,0,0,0,0,0,0
Blake Bortles,JAX,QB,3687,21,13,322,2,0,0,0,3,3
Delanie Walker,TEN,TE,0,0,0,-2,1,807,3,0,0,2
Tre McBride,NYJ,WR,0,0,0,0,0,144,0,0,0,0
Mike Wallace,PHI,WR,0,0,0,4,0,748,4,0,0,0
Austin Ekeler,LAC,RB,0,0,0,260,2,279,3,0,0,2
John Kelly,LA,RB,0,0,0,0,0,0,0,0,0,0
Ben Johnson,LAC,TE,0,0,0,0,0,0,0,0,0,0
Tommy Bohanon,JAX,RB,0,0,0,5,2,43,1,0,0,0
Alex Smith,WAS,QB,4042,26,5,355,1,0,0,0,0,1
Elijhaa Penny,ARI,RB,0,0,0,124,2,38,0,0,0,0
Troy Mangen,ATL,TE,0,0,0,0,0,0,0,0,0,0
Germone Hopper,NFL,WR,0,0,0,0,0,0,0,0,0,0
Kalif Raymond,NYG,WR,0,0,0,-1,0,12,0,0,0,1
Kerwynn Williams,KC,RB,0,0,0,426,1,93,0,0,0,0
Justin Watson,TB,WR,0,0,0,0,0,0,0,0,0,0
Ben Roethlisberger,PIT,QB,4251,28,14,47,0,0,0,0,2,1
Tre Madden,SEA,RB,0,0,0,0,0,65,0,0,0,0
Detrez Newsome,LAC,RB,0,0,0,0,0,0,0,0,0,0
Devonta Freeman,ATL,RB,0,0,0,865,7,317,1,0,0,1
Alfred Blue,HOU,RB,0,0,0,262,1,54,0,0,0,0
Sony Michel,NE,RB,0,0,0,0,0,0,0,0,0,0
Andrew Luck,IND,QB,0,0,0,0,0,0,0,0,0,0
Jaelon Acklin,BAL,WR,0,0,0,0,0,0,0,0,0,0
Darrius Heyward-Bey,PIT,WR,0,0,0,32,1,47,0,0,0,0
Mike Gillislee,NE,RB,0,0,0,383,5,15,0,0,0,1
Akrum Wadley,TEN,RB,0,0,0,0,0,0,0,0,0,0
Alec Bloom,ARI,TE,0,0,0,0,0,0,0,0,0,0
Matt Cassel,DET,QB,162,1,2,0,0,0,0,0,0,2
Asante Cleveland,NFL,TE,0,0,0,0,0,0,0,0,0,0
Dwayne Washington,DET,RB,0,0,0,44,0,14,0,0,0,0
Robert Foster,BUF,WR,0,0,0,0,0,0,0,0,0,0
Allen Lazard,JAX,WR,0,0,0,0,0,0,0,0,0,0
Matt Barkley,CIN,QB,0,0,0,0,0,0,0,0,0,0
Jeff Badet,MIN,WR,0,0,0,0,0,0,0,0,0,0
Andrew Vollert,ARI,TE,0,0,0,0,0,0,0,0,0,0
Colby Pearson,NFL,WR,0,0,0,0,0,0,0,0,0,0
Niles Paul,JAX,TE,0,0,0,4,0,94,0,0,0,0
DeAndre Washington,OAK,RB,0,0,0,153,2,197,1,0,0,1
Bryce Williams,ARI,TE,0,0,0,0,0,0,0,0,0,0
Tra Carson,CIN,RB,0,0,0,0,0,0,0,0,0,0
Cole Wick,SF,TE,0,0,0,0,0,0,0,0,0,0
Allen Hurns,DAL,WR,0,0,0,0,0,484,2,0,0,0
Alex Tanney,NYG,QB,0,0,0,0,0,0,0,0,0,0
Jordan Thomas,HOU,TE,0,0,0,0,0,0,0,0,0,0
Joe Flacco,BAL,QB,3141,18,13,54,1,0,0,0,1,0
Cyril Grayson,SEA,WR,0,0,0,0,0,0,0,0,0,0
Deante Burton,ATL,WR,0,0,0,0,0,0,0,0,0,0
Jonathan Williams,NO,RB,0,0,0,0,0,0,0,0,0,0
James Develin,NE,RB,0,0,0,0,0,38,0,0,0,0
Billy Brown,PHI,TE,0,0,0,0,0,0,0,0,0,0
Garrett Grayson,ATL,QB,0,0,0,0,0,0,0,0,0,0
Jamize Olawale,DAL,RB,0,0,0,43,1,33,0,0,0,0
